-- Dodanie użytkowników
INSERT INTO Users (UserID, FirstName, LastName, BirthDate, Email) VALUES (1, 'Jan', 'Kowalski', TO_DATE('1980-01-15', 'YYYY-MM-DD'), 'jan.kowalski@example.com');
INSERT INTO Users (UserID, FirstName, LastName, BirthDate, Email) VALUES (2, 'Anna', 'Nowak', TO_DATE('1990-02-20', 'YYYY-MM-DD'), 'anna.nowak@example.com');
INSERT INTO Users (UserID, FirstName, LastName, BirthDate, Email) VALUES (3, 'Maria', 'Wiśniewska', TO_DATE('1975-03-25', 'YYYY-MM-DD'), 'maria.wisniewska@example.com');
INSERT INTO Users (UserID, FirstName, LastName, BirthDate, Email) VALUES (4, 'Krzysztof', 'Zieliński', TO_DATE('1985-04-10', 'YYYY-MM-DD'), 'krzysztof.zielinski@example.com');
INSERT INTO Users (UserID, FirstName, LastName, BirthDate, Email) VALUES (5, 'Agnieszka', 'Kamińska', TO_DATE('1992-05-15', 'YYYY-MM-DD'), 'agnieszka.kaminska@example.com');
INSERT INTO Users (UserID, FirstName, LastName, BirthDate, Email) VALUES (6, 'Tomasz', 'Lewandowski', TO_DATE('1988-06-20', 'YYYY-MM-DD'), 'tomasz.lewandowski@example.com');
INSERT INTO Users (UserID, FirstName, LastName, BirthDate, Email) VALUES (7, 'Ewa', 'Szymańska', TO_DATE('1977-07-25', 'YYYY-MM-DD'), 'ewa.szymanska@example.com');
INSERT INTO Users (UserID, FirstName, LastName, BirthDate, Email) VALUES (8, 'Piotr', 'Wójcik', TO_DATE('1983-08-30', 'YYYY-MM-DD'), 'piotr.wojcik@example.com');
INSERT INTO Users (UserID, FirstName, LastName, BirthDate, Email) VALUES (9, 'Katarzyna', 'Kaczmarek', TO_DATE('1995-09-05', 'YYYY-MM-DD'), 'katarzyna.kaczmarek@example.com');
INSERT INTO Users (UserID, FirstName, LastName, BirthDate, Email) VALUES (10, 'Michał', 'Pawlak', TO_DATE('1981-10-10', 'YYYY-MM-DD'), 'michal.pawlak@example.com');
INSERT INTO Users (UserID, FirstName, LastName, BirthDate, Email) VALUES (11, 'Zofia', 'Michalska', TO_DATE('1984-11-15', 'YYYY-MM-DD'), 'zofia.michalska@example.com');
INSERT INTO Users (UserID, FirstName, LastName, BirthDate, Email) VALUES (12, 'Jakub', 'Ostrowski', TO_DATE('1989-12-20', 'YYYY-MM-DD'), 'jakub.ostrowski@example.com');
INSERT INTO Users (UserID, FirstName, LastName, BirthDate, Email) VALUES (13, 'Alicja', 'Górska', TO_DATE('1991-01-25', 'YYYY-MM-DD'), 'alicja.gorska@example.com');
INSERT INTO Users (UserID, FirstName, LastName, BirthDate, Email) VALUES (14, 'Łukasz', 'Malinowski', TO_DATE('1987-02-10', 'YYYY-MM-DD'), 'lukasz.malinowski@example.com');
INSERT INTO Users (UserID, FirstName, LastName, BirthDate, Email) VALUES (15, 'Magdalena', 'Jankowska', TO_DATE('1982-03-15', 'YYYY-MM-DD'), 'magdalena.jankowska@example.com');
INSERT INTO Users (UserID, FirstName, LastName, BirthDate, Email) VALUES (16, 'Mateusz', 'Dąbrowski', TO_DATE('1994-04-20', 'YYYY-MM-DD'), 'mateusz.dabrowski@example.com');
INSERT INTO Users (UserID, FirstName, LastName, BirthDate, Email) VALUES (17, 'Sylwia', 'Włodarczyk', TO_DATE('1976-05-25', 'YYYY-MM-DD'), 'sylwia.wlodarczyk@example.com');
INSERT INTO Users (UserID, FirstName, LastName, BirthDate, Email) VALUES (18, 'Paweł', 'Pietrzak', TO_DATE('1986-06-30', 'YYYY-MM-DD'), 'pawel.pietrzak@example.com');
INSERT INTO Users (UserID, FirstName, LastName, BirthDate, Email) VALUES (19, 'Joanna', 'Król', TO_DATE('1993-07-05', 'YYYY-MM-DD'), 'joanna.krol@example.com');
INSERT INTO Users (UserID, FirstName, LastName, BirthDate, Email) VALUES (20, 'Rafał', 'Zając', TO_DATE('1980-08-10', 'YYYY-MM-DD'), 'rafal.zajac@example.com');

-- Dodanie adresów użytkowników
INSERT INTO UserAddresses (AddressID, UserID, Street, City, PostalCode, Country) VALUES (1, 1, 'ul. Główna 1', 'Warszawa', '00-001', 'Polska');
INSERT INTO UserAddresses (AddressID, UserID, Street, City, PostalCode, Country) VALUES (2, 2, 'ul. Słoneczna 2', 'Kraków', '30-002', 'Polska');
INSERT INTO UserAddresses (AddressID, UserID, Street, City, PostalCode, Country) VALUES (3, 3, 'ul. Zielona 3', 'Gdańsk', '80-003', 'Polska');
INSERT INTO UserAddresses (AddressID, UserID, Street, City, PostalCode, Country) VALUES (4, 4, 'ul. Krótka 4', 'Wrocław', '50-004', 'Polska');
INSERT INTO UserAddresses (AddressID, UserID, Street, City, PostalCode, Country) VALUES (5, 5, 'ul. Długa 5', 'Poznań', '60-005', 'Polska');
INSERT INTO UserAddresses (AddressID, UserID, Street, City, PostalCode, Country) VALUES (6, 6, 'ul. Spokojna 6', 'Szczecin', '70-006', 'Polska');
INSERT INTO UserAddresses (AddressID, UserID, Street, City, PostalCode, Country) VALUES (7, 7, 'ul. Wesoła 7', 'Lublin', '20-007', 'Polska');
INSERT INTO UserAddresses (AddressID, UserID, Street, City, PostalCode, Country) VALUES (8, 8, 'ul. Jasna 8', 'Katowice', '40-008', 'Polska');
INSERT INTO UserAddresses (AddressID, UserID, Street, City, PostalCode, Country) VALUES (9, 9, 'ul. Cicha 9', 'Bydgoszcz', '85-009', 'Polska');
INSERT INTO UserAddresses (AddressID, UserID, Street, City, PostalCode, Country) VALUES (10, 10, 'ul. Nowa 10', 'Łódź', '90-010', 'Polska');
INSERT INTO UserAddresses (AddressID, UserID, Street, City, PostalCode, Country) VALUES (11, 11, 'ul. Leśna 11', 'Gdynia', '81-011', 'Polska');
INSERT INTO UserAddresses (AddressID, UserID, Street, City, PostalCode, Country) VALUES (12, 12, 'ul. Kręta 12', 'Radom', '26-012', 'Polska');
INSERT INTO UserAddresses (AddressID, UserID, Street, City, PostalCode, Country) VALUES (13, 13, 'ul. Szeroka 13', 'Sopot', '81-013', 'Polska');
INSERT INTO UserAddresses (AddressID, UserID, Street, City, PostalCode, Country) VALUES (14, 14, 'ul. Wąska 14', 'Rzeszów', '35-014', 'Polska');
INSERT INTO UserAddresses (AddressID, UserID, Street, City, PostalCode, Country) VALUES (15, 15, 'ul. Piękna 15', 'Opole', '45-015', 'Polska');
INSERT INTO UserAddresses (AddressID, UserID, Street, City, PostalCode, Country) VALUES (16, 16, 'ul. Sienna 16', 'Toruń', '87-016', 'Polska');
INSERT INTO UserAddresses (AddressID, UserID, Street, City, PostalCode, Country) VALUES (17, 17, 'ul. Kamienna 17', 'Zielona Góra', '65-017', 'Polska');
INSERT INTO UserAddresses (AddressID, UserID, Street, City, PostalCode, Country) VALUES (18, 18, 'ul. Złota 18', 'Kielce', '25-018', 'Polska');
INSERT INTO UserAddresses (AddressID, UserID, Street, City, PostalCode, Country) VALUES (19, 19, 'ul. Kościelna 19', 'Białystok', '15-019', 'Polska');
INSERT INTO UserAddresses (AddressID, UserID, Street, City, PostalCode, Country) VALUES (20, 20, 'ul. Górna 20', 'Olsztyn', '10-020', 'Polska');

-- Dodanie autorów
INSERT INTO Authors (AuthorID, FirstName, LastName, DateOfBirth, Country) VALUES (1, 'Adam', 'Mickiewicz', TO_DATE('1798-12-24', 'YYYY-MM-DD'), 'Polska');
INSERT INTO Authors (AuthorID, FirstName, LastName, DateOfBirth, Country) VALUES (2, 'Henryk', 'Sienkiewicz', TO_DATE('1846-05-05', 'YYYY-MM-DD'), 'Polska');
INSERT INTO Authors (AuthorID, FirstName, LastName, DateOfBirth, Country) VALUES (3, 'Bolesław', 'Prus', TO_DATE('1847-08-20', 'YYYY-MM-DD'), 'Polska');
INSERT INTO Authors (AuthorID, FirstName, LastName, DateOfBirth, Country) VALUES (4, 'Juliusz', 'Słowacki', TO_DATE('1809-09-04', 'YYYY-MM-DD'), 'Polska');
INSERT INTO Authors (AuthorID, FirstName, LastName, DateOfBirth, Country) VALUES (5, 'Maria', 'Konopnicka', TO_DATE('1842-05-23', 'YYYY-MM-DD'), 'Polska');
INSERT INTO Authors (AuthorID, FirstName, LastName, DateOfBirth, Country) VALUES (6, 'Eliza', 'Orzeszkowa', TO_DATE('1841-06-06', 'YYYY-MM-DD'), 'Polska');
INSERT INTO Authors (AuthorID, FirstName, LastName, DateOfBirth, Country) VALUES (7, 'Stefan', 'Żeromski', TO_DATE('1864-10-14', 'YYYY-MM-DD'), 'Polska');
INSERT INTO Authors (AuthorID, FirstName, LastName, DateOfBirth, Country) VALUES (8, 'Stanisław', 'Reymont', TO_DATE('1867-05-07', 'YYYY-MM-DD'), 'Polska');
INSERT INTO Authors (AuthorID, FirstName, LastName, DateOfBirth, Country) VALUES (9, 'Józef', 'Ignacy Kraszewski', TO_DATE('1812-07-28', 'YYYY-MM-DD'), 'Polska');
INSERT INTO Authors (AuthorID, FirstName, LastName, DateOfBirth, Country) VALUES (10, 'Gabriela', 'Zapolska', TO_DATE('1857-03-30', 'YYYY-MM-DD'), 'Polska');
INSERT INTO Authors (AuthorID, FirstName, LastName, DateOfBirth, Country) VALUES (11, 'Zofia', 'Nałkowska', TO_DATE('1884-11-10', 'YYYY-MM-DD'), 'Polska');
INSERT INTO Authors (AuthorID, FirstName, LastName, DateOfBirth, Country) VALUES (12, 'Bruno', 'Schulz', TO_DATE('1892-07-12', 'YYYY-MM-DD'), 'Polska');
INSERT INTO Authors (AuthorID, FirstName, LastName, DateOfBirth, Country) VALUES (13, 'Władysław', 'Reymont', TO_DATE('1867-05-07', 'YYYY-MM-DD'), 'Polska');
INSERT INTO Authors (AuthorID, FirstName, LastName, DateOfBirth, Country) VALUES (14, 'Jan', 'Brzechwa', TO_DATE('1898-08-15', 'YYYY-MM-DD'), 'Polska');
INSERT INTO Authors (AuthorID, FirstName, LastName, DateOfBirth, Country) VALUES (15, 'Tadeusz', 'Borowski', TO_DATE('1922-11-12', 'YYYY-MM-DD'), 'Polska');
INSERT INTO Authors (AuthorID, FirstName, LastName, DateOfBirth, Country) VALUES (16, 'Czesław', 'Miłosz', TO_DATE('1911-06-30', 'YYYY-MM-DD'), 'Polska');
INSERT INTO Authors (AuthorID, FirstName, LastName, DateOfBirth, Country) VALUES (17, 'Wisława', 'Szymborska', TO_DATE('1923-07-02', 'YYYY-MM-DD'), 'Polska');
INSERT INTO Authors (AuthorID, FirstName, LastName, DateOfBirth, Country) VALUES (18, 'Tadeusz', 'Różewicz', TO_DATE('1921-10-09', 'YYYY-MM-DD'), 'Polska');
INSERT INTO Authors (AuthorID, FirstName, LastName, DateOfBirth, Country) VALUES (19, 'Jacek', 'Kaczmarski', TO_DATE('1957-03-22', 'YYYY-MM-DD'), 'Polska');
INSERT INTO Authors (AuthorID, FirstName, LastName, DateOfBirth, Country) VALUES (20, 'Olga', 'Tokarczuk', TO_DATE('1962-01-29', 'YYYY-MM-DD'), 'Polska');

-- Dodanie książek
INSERT INTO Books (BookID, Title, Genre, PublishDate, AuthorID, ISBN) VALUES (1, 'Pan Tadeusz', 'Epopeja narodowa', TO_DATE('1834-06-28', 'YYYY-MM-DD'), 1, '9788373271890');
INSERT INTO Books (BookID, Title, Genre, PublishDate, AuthorID, ISBN) VALUES (2, 'Quo Vadis', 'Powieść historyczna', TO_DATE('1896-01-01', 'YYYY-MM-DD'), 2, '9788373272002');
INSERT INTO Books (BookID, Title, Genre, PublishDate, AuthorID, ISBN) VALUES (3, 'Lalka', 'Powieść', TO_DATE('1890-01-01', 'YYYY-MM-DD'), 3, '9788373272040');
INSERT INTO Books (BookID, Title, Genre, PublishDate, AuthorID, ISBN) VALUES (4, 'Balladyna', 'Dramat', TO_DATE('1839-11-09', 'YYYY-MM-DD'), 4, '9788373272200');
INSERT INTO Books (BookID, Title, Genre, PublishDate, AuthorID, ISBN) VALUES (5, 'Nad Niemnem', 'Powieść', TO_DATE('1888-06-24', 'YYYY-MM-DD'), 5, '9788373272217');
INSERT INTO Books (BookID, Title, Genre, PublishDate, AuthorID, ISBN) VALUES (6, 'Antek', 'Nowela', TO_DATE('1880-01-01', 'YYYY-MM-DD'), 6, '9788373272224');
INSERT INTO Books (BookID, Title, Genre, PublishDate, AuthorID, ISBN) VALUES (7, 'Syzyfowe prace', 'Powieść', TO_DATE('1897-01-01', 'YYYY-MM-DD'), 7, '9788373272231');
INSERT INTO Books (BookID, Title, Genre, PublishDate, AuthorID, ISBN) VALUES (8, 'Chłopi', 'Powieść', TO_DATE('1904-01-01', 'YYYY-MM-DD'), 8, '9788373272248');
INSERT INTO Books (BookID, Title, Genre, PublishDate, AuthorID, ISBN) VALUES (9, 'Stara baśń', 'Powieść historyczna', TO_DATE('1876-01-01', 'YYYY-MM-DD'), 9, '9788373272255');
INSERT INTO Books (BookID, Title, Genre, PublishDate, AuthorID, ISBN) VALUES (10, 'Moralność pani Dulskiej', 'Dramat', TO_DATE('1906-01-01', 'YYYY-MM-DD'), 10, '9788373272262');
INSERT INTO Books (BookID, Title, Genre, PublishDate, AuthorID, ISBN) VALUES (11, 'Granica', 'Powieść', TO_DATE('1935-01-01', 'YYYY-MM-DD'), 11, '9788373272279');
INSERT INTO Books (BookID, Title, Genre, PublishDate, AuthorID, ISBN) VALUES (12, 'Sklepy cynamonowe', 'Opowiadania', TO_DATE('1934-01-01', 'YYYY-MM-DD'), 12, '9788373272286');
INSERT INTO Books (BookID, Title, Genre, PublishDate, AuthorID, ISBN) VALUES (13, 'Chłopi', 'Powieść', TO_DATE('1904-01-01', 'YYYY-MM-DD'), 13, '9788373272293');
INSERT INTO Books (BookID, Title, Genre, PublishDate, AuthorID, ISBN) VALUES (14, 'Akademia Pana Kleksa', 'Powieść', TO_DATE('1946-01-01', 'YYYY-MM-DD'), 14, '9788373272309');
INSERT INTO Books (BookID, Title, Genre, PublishDate, AuthorID, ISBN) VALUES (15, 'Pożegnanie z Marią', 'Opowiadania', TO_DATE('1947-01-01', 'YYYY-MM-DD'), 15, '9788373272316');
INSERT INTO Books (BookID, Title, Genre, PublishDate, AuthorID, ISBN) VALUES (16, 'Dolina Issy', 'Powieść', TO_DATE('1955-01-01', 'YYYY-MM-DD'), 16, '9788373272323');
INSERT INTO Books (BookID, Title, Genre, PublishDate, AuthorID, ISBN) VALUES (17, 'Lektury nadobowiązkowe', 'Eseje', TO_DATE('1972-01-01', 'YYYY-MM-DD'), 17, '9788373272330');
INSERT INTO Books (BookID, Title, Genre, PublishDate, AuthorID, ISBN) VALUES (18, 'Kartoteka', 'Dramat', TO_DATE('1960-01-01', 'YYYY-MM-DD'), 18, '9788373272347');
INSERT INTO Books (BookID, Title, Genre, PublishDate, AuthorID, ISBN) VALUES (19, 'Mury', 'Poezja', TO_DATE('1981-01-01', 'YYYY-MM-DD'), 19, '9788373272354');
INSERT INTO Books (BookID, Title, Genre, PublishDate, AuthorID, ISBN) VALUES (20, 'Bieguni', 'Powieść', TO_DATE('2007-01-01', 'YYYY-MM-DD'), 20, '9788373272361');

-- Dodanie wypożyczeń
INSERT INTO Borrowings (BorrowingID, UserID, BookID, BorrowDate, DueDate) VALUES (1, 1, 1, TO_DATE('2024-01-01', 'YYYY-MM-DD'), TO_DATE('2024-02-01', 'YYYY-MM-DD'));
INSERT INTO Borrowings (BorrowingID, UserID, BookID, BorrowDate, DueDate) VALUES (2, 2, 2, TO_DATE('2024-02-01', 'YYYY-MM-DD'), TO_DATE('2024-03-01', 'YYYY-MM-DD'));
INSERT INTO Borrowings (BorrowingID, UserID, BookID, BorrowDate, DueDate) VALUES (3, 3, 3, TO_DATE('2024-03-01', 'YYYY-MM-DD'), TO_DATE('2024-04-01', 'YYYY-MM-DD'));
INSERT INTO Borrowings (BorrowingID, UserID, BookID, BorrowDate, DueDate) VALUES (4, 4, 4, TO_DATE('2024-01-05', 'YYYY-MM-DD'), TO_DATE('2024-02-05', 'YYYY-MM-DD'));
INSERT INTO Borrowings (BorrowingID, UserID, BookID, BorrowDate, DueDate) VALUES (5, 5, 5, TO_DATE('2024-02-05', 'YYYY-MM-DD'), TO_DATE('2024-03-05', 'YYYY-MM-DD'));
INSERT INTO Borrowings (BorrowingID, UserID, BookID, BorrowDate, DueDate) VALUES (6, 6, 6, TO_DATE('2024-03-05', 'YYYY-MM-DD'), TO_DATE('2024-04-05', 'YYYY-MM-DD'));
INSERT INTO Borrowings (BorrowingID, UserID, BookID, BorrowDate, DueDate) VALUES (7, 7, 7, TO_DATE('2024-01-10', 'YYYY-MM-DD'), TO_DATE('2024-02-10', 'YYYY-MM-DD'));
INSERT INTO Borrowings (BorrowingID, UserID, BookID, BorrowDate, DueDate) VALUES (8, 8, 8, TO_DATE('2024-02-10', 'YYYY-MM-DD'), TO_DATE('2024-03-10', 'YYYY-MM-DD'));
INSERT INTO Borrowings (BorrowingID, UserID, BookID, BorrowDate, DueDate) VALUES (9, 9, 9, TO_DATE('2024-03-10', 'YYYY-MM-DD'), TO_DATE('2024-04-10', 'YYYY-MM-DD'));
INSERT INTO Borrowings (BorrowingID, UserID, BookID, BorrowDate, DueDate) VALUES (10, 10, 10, TO_DATE('2024-01-15', 'YYYY-MM-DD'), TO_DATE('2024-02-15', 'YYYY-MM-DD'));
INSERT INTO Borrowings (BorrowingID, UserID, BookID, BorrowDate, DueDate) VALUES (11, 11, 11, TO_DATE('2024-02-15', 'YYYY-MM-DD'), TO_DATE('2024-03-15', 'YYYY-MM-DD'));
INSERT INTO Borrowings (BorrowingID, UserID, BookID, BorrowDate, DueDate) VALUES (12, 12, 12, TO_DATE('2024-03-15', 'YYYY-MM-DD'), TO_DATE('2024-04-15', 'YYYY-MM-DD'));
INSERT INTO Borrowings (BorrowingID, UserID, BookID, BorrowDate, DueDate) VALUES (13, 13, 13, TO_DATE('2024-01-20', 'YYYY-MM-DD'), TO_DATE('2024-02-20', 'YYYY-MM-DD'));
INSERT INTO Borrowings (BorrowingID, UserID, BookID, BorrowDate, DueDate) VALUES (14, 14, 14, TO_DATE('2024-02-20', 'YYYY-MM-DD'), TO_DATE('2024-03-20', 'YYYY-MM-DD'));
INSERT INTO Borrowings (BorrowingID, UserID, BookID, BorrowDate, DueDate) VALUES (15, 15, 15, TO_DATE('2024-03-20', 'YYYY-MM-DD'), TO_DATE('2024-04-20', 'YYYY-MM-DD'));
INSERT INTO Borrowings (BorrowingID, UserID, BookID, BorrowDate, DueDate) VALUES (16, 16, 16, TO_DATE('2024-01-25', 'YYYY-MM-DD'), TO_DATE('2024-02-25', 'YYYY-MM-DD'));
INSERT INTO Borrowings (BorrowingID, UserID, BookID, BorrowDate, DueDate) VALUES (17, 17, 17, TO_DATE('2024-02-25', 'YYYY-MM-DD'), TO_DATE('2024-03-25', 'YYYY-MM-DD'));
INSERT INTO Borrowings (BorrowingID, UserID, BookID, BorrowDate, DueDate) VALUES (18, 18, 18, TO_DATE('2024-03-25', 'YYYY-MM-DD'), TO_DATE('2024-04-25', 'YYYY-MM-DD'));
INSERT INTO Borrowings (BorrowingID, UserID, BookID, BorrowDate, DueDate) VALUES (19, 19, 19, TO_DATE('2024-01-30', 'YYYY-MM-DD'), TO_DATE('2024-02-30', 'YYYY-MM-DD'));
INSERT INTO Borrowings (BorrowingID, UserID, BookID, BorrowDate, DueDate) VALUES (20, 20, 20, TO_DATE('2024-02-30', 'YYYY-MM-DD'), TO_DATE('2024-03-30', 'YYYY-MM-DD'));

-- Dodanie rekordów do historii wypożyczeń
INSERT INTO BorrowingHistory (HistoryID, UserID, BookID, BorrowDate, ReturnDate) VALUES (1, 1, 1, TO_DATE('2024-01-01', 'YYYY-MM-DD'), TO_DATE('2024-02-01', 'YYYY-MM-DD'));
INSERT INTO BorrowingHistory (HistoryID, UserID, BookID, BorrowDate, ReturnDate) VALUES (2, 2, 2, TO_DATE('2024-02-01', 'YYYY-MM-DD'), TO_DATE('2024-03-01', 'YYYY-MM-DD'));
INSERT INTO BorrowingHistory (HistoryID, UserID, BookID, BorrowDate, ReturnDate) VALUES (3, 3, 3, TO_DATE('2024-03-01', 'YYYY-MM-DD'), TO_DATE('2024-04-01', 'YYYY-MM-DD'));
INSERT INTO BorrowingHistory (HistoryID, UserID, BookID, BorrowDate, ReturnDate) VALUES (4, 4, 4, TO_DATE('2024-01-05', 'YYYY-MM-DD'), TO_DATE('2024-02-05', 'YYYY-MM-DD'));
INSERT INTO BorrowingHistory (HistoryID, UserID, BookID, BorrowDate, ReturnDate) VALUES (5, 5, 5, TO_DATE('2024-02-05', 'YYYY-MM-DD'), TO_DATE('2024-03-05', 'YYYY-MM-DD'));
INSERT INTO BorrowingHistory (HistoryID, UserID, BookID, BorrowDate, ReturnDate) VALUES (6, 6, 6, TO_DATE('2024-03-05', 'YYYY-MM-DD'), TO_DATE('2024-04-05', 'YYYY-MM-DD'));
INSERT INTO BorrowingHistory (HistoryID, UserID, BookID, BorrowDate, ReturnDate) VALUES (7, 7, 7, TO_DATE('2024-01-10', 'YYYY-MM-DD'), TO_DATE('2024-02-10', 'YYYY-MM-DD'));
INSERT INTO BorrowingHistory (HistoryID, UserID, BookID, BorrowDate, ReturnDate) VALUES (8, 8, 8, TO_DATE('2024-02-10', 'YYYY-MM-DD'), TO_DATE('2024-03-10', 'YYYY-MM-DD'));
INSERT INTO BorrowingHistory (HistoryID, UserID, BookID, BorrowDate, ReturnDate) VALUES (9, 9, 9, TO_DATE('2024-03-10', 'YYYY-MM-DD'), TO_DATE('2024-04-10', 'YYYY-MM-DD'));
INSERT INTO BorrowingHistory (HistoryID, UserID, BookID, BorrowDate, ReturnDate) VALUES (10, 10, 10, TO_DATE('2024-01-15', 'YYYY-MM-DD'), TO_DATE('2024-02-15', 'YYYY-MM-DD'));
INSERT INTO BorrowingHistory (HistoryID, UserID, BookID, BorrowDate, ReturnDate) VALUES (11, 11, 11, TO_DATE('2024-02-15', 'YYYY-MM-DD'), TO_DATE('2024-03-15', 'YYYY-MM-DD'));
INSERT INTO BorrowingHistory (HistoryID, UserID, BookID, BorrowDate, ReturnDate) VALUES (12, 12, 12, TO_DATE('2024-03-15', 'YYYY-MM-DD'), TO_DATE('2024-04-15', 'YYYY-MM-DD'));
INSERT INTO BorrowingHistory (HistoryID, UserID, BookID, BorrowDate, ReturnDate) VALUES (13, 13, 13, TO_DATE('2024-01-20', 'YYYY-MM-DD'), TO_DATE('2024-02-20', 'YYYY-MM-DD'));
INSERT INTO BorrowingHistory (HistoryID, UserID, BookID, BorrowDate, ReturnDate) VALUES (14, 14, 14, TO_DATE('2024-02-20', 'YYYY-MM-DD'), TO_DATE('2024-03-20', 'YYYY-MM-DD'));
INSERT INTO BorrowingHistory (HistoryID, UserID, BookID, BorrowDate, ReturnDate) VALUES (15, 15, 15, TO_DATE('2024-03-20', 'YYYY-MM-DD'), TO_DATE('2024-04-20', 'YYYY-MM-DD'));
INSERT INTO BorrowingHistory (HistoryID, UserID, BookID, BorrowDate, ReturnDate) VALUES (16, 16, 16, TO_DATE('2024-01-25', 'YYYY-MM-DD'), TO_DATE('2024-02-25', 'YYYY-MM-DD'));
INSERT INTO BorrowingHistory (HistoryID, UserID, BookID, BorrowDate, ReturnDate) VALUES (17, 17, 17, TO_DATE('2024-02-25', 'YYYY-MM-DD'), TO_DATE('2024-03-25', 'YYYY-MM-DD'));
INSERT INTO BorrowingHistory (HistoryID, UserID, BookID, BorrowDate, ReturnDate) VALUES (18, 18, 18, TO_DATE('2024-03-25', 'YYYY-MM-DD'), TO_DATE('2024-04-25', 'YYYY-MM-DD'));
INSERT INTO BorrowingHistory (HistoryID, UserID, BookID, BorrowDate, ReturnDate) VALUES (19, 19, 19, TO_DATE('2024-01-30', 'YYYY-MM-DD'), TO_DATE('2024-02-30', 'YYYY-MM-DD'));
INSERT INTO BorrowingHistory (HistoryID, UserID, BookID, BorrowDate, ReturnDate) VALUES (20, 20, 20, TO_DATE('2024-02-30', 'YYYY-MM-DD'), TO_DATE('2024-03-30', 'YYYY-MM-DD'));
